column1,column2,column3,column4
q3V9tJeBjZ,VgCKNapeE3,tncXHlTj7v,JOXRtAMVOc
TfFaR5E90l,azSCsmS8gS,4TsFyZlVPR,zonwELquk2
5NeZuYBS6G,4MWJNQq0zi,aPiZeZddH1,FS87PZKA6Z
1LlfR27pLK,ntIXn1wHAe,W0JGiGmYHf,zJGnGv4azg
bFpz45kweB,xFE3Kx0HLk,m6t5n3zFXA,JpAfVV6N7q
OL1F2nvBFT,p0y7eNIUyZ,pVoPnJlo3r,Y7qyn9eV2s
UPNfNHtVbl,kkq2engqLs,0DeJs1KVEb,noWIuKyTgj
gU5cJrwc4y,EsfwJtgq2f,crb3wvb98U,WfcUCMNsMs
Qbkl4nJG0R,n1b5DrddQW,oD7VLITGv1,iaHo9oCsGy
soSvhu93gE,zDwwcD2gBc,e18fSZPQqQ,bcDyKY6ImZ
HCvJBYq055,UbBtSxSu4G,8OCmaHSYau,NuwEa3P2wl
DmdOri3vlX,mpBAXyRwHq,ZfSoxZlvon,agYEIwsy6y
MQFVXCWXKc,bzsOmIRe8V,L8CadYmBfS,Eh3QgZUME7
T541wR2cK0,bw0919vR9z,q5P1bkehtE,BKtzWpg8MS
CDoJSYyU85,h2yu3vKFQa,ooLAv0j3pN,261sDcuJCE
XDGCpf0Duq,RinBIqZ6xa,b62pAIKxPU,WvphGI4iu7
YdZdH0fdRZ,LYwzWc2pQG,CGTdWOsoKy,VwpwAis66I
JOWT9rOwsf,eePT1tjowq,pycOBelXE9,gUTJqq8zFX
zqPmn9YUNn,IqbL7X07gU,UM7McDmQrM,av7485gf6l
pgaWRO9TBy,RCuEk1t5z4,zfnIeRaUmA,oHP4D5PLWd
DQcKqLUGZF,BLdGlvTzfI,soM8RY0Ch2,Tx9LT5O2yb
nlupdAPODZ,U9ykUEr3mt,0ohHk9vAEe,IibnlTwrQt
krBYNjkhWX,X6RX1tW8Z7,d5CGGInp0G,viBjRYJriN
0lpGzfKuGy,UovV91RKYe,8ChuJVo6qL,iMa6sm8gCq
m5GEE1beuk,UXNyHCz9KJ,U44prouQgS,waSRPcOZhI
ZgdNNK8tk1,4JEB84Nj2j,EZ6He0CWg1,DAWnD0gVOJ
uIpJ50t9HN,zxMpKzLsvr,xNa4f830FZ,lHZbkfuXi9
aGVizGBXip,gIXB7mWZjY,u0aXOpBwmk,qEqQwJ8YbB
ipeCFmlBKm,U1j4i0p6j3,XRACiYCQtJ,iJPMxyuW8H
SvgjN9qAoK,6XPq6Lp7e1,LtwasnGDAM,2pDLU35aiD
3bFtJPdQjK,8wV3Vstcx2,xMCGkK2lU1,l8rCnkX8ta
HN667llBZu,opAUsRCewN,MhcfzlNboB,FS8eG6LSVR
DuhkItS9EF,T6tDgYeQ4Q,a8UjiimJCC,l04bZScnTS
EAHY5Z5DYI,Qg4sxsQ9oy,kufMwnYqVA,T0a9WHBFec
8Q4AxMasZl,CARqR2BK6D,EYdrAd7j2p,UTcS0i0dky
GxeXQtLf8q,NU9dhr1wp9,zmo5Imxzfj,i276tsDB9p
URafDlGO3Y,mgwGZKMNbk,xnNXZsRar7,sfFag3n31A
6lHuwPhkB3,HDjDUxdWjw,qSCwB4FzjL,3nDZCIIksT
6w6xbW3gBA,jcu0F4hirk,A5xX3h3Xni,N9NNZ8LEZT
i0cAubrMxQ,8OoIcQ4MF0,Qndi0dCZBp,xVHFLdkwPK
7v8jkNXCuw,3Wf2SAaMLc,JaVeLVXcUM,HFvk7jB1t3
EKmaGb3yKv,W1v2aQmujY,l5U1HFdAeo,GgSb8g5Qaq
ewU30qW13I,gF0VVRXIJ5,s80ao5Aat3,WpsZYxN7fz
HCRYP6p37j,eseQsIc85C,B4EIMr7V9J,6BKQL7sRnc
94M7sy58rJ,l5M6zZ0yeS,9oMJWIoVKW,Ku7p8Lnjc4
jJ1Y4v6gDZ,2sGK0QL4HH,qPL4eh7oOR,VBQbvk1Dnh
WTtjMh1kS6,UXvBuCjaGw,K2C3znhK2v,J0mCJI5Ug9
hG6DNEmC98,vsTFjS30KQ,61NLf2PnZR,c2yc9cRUcf
n8UGDThjoE,UWUtzkCZmU,uuBLuZxcP1,xiypXHC4V6
dH8VRQ6Rzl,NW6bk3lwJS,cvM0lcOAMj,Ly6wHmtfVe
xtZwHOAdZI,pAorOyEDTB,K7nLGUEXs0,GHysWDJZcv
Sj6ZpeVlqz,j6WS5SIAnZ,4HqPOr5GS1,BknGm48oJA
HwTUZGBSGo,6vOvjWZSfT,WHIDgHtiDl,OEcUHBBN1a
pQuw4sWvnI,YE1GkQ7d6H,C333KdvJir,00ebVhk9wD
S3tLhRXCni,hWQSy2uLeX,HyoIpDdtzV,OGw5RIr3YV
sAu8fJAc5g,iv9tN7jaBw,Rr5rExkMqW,IGrNjazc89
YwtETbciSN,Cwz5WcGDks,jRppRKqt9o,H787h8FcUr
kokrO06ahK,6vNvwLTe8o,gHU2sAj63Y,M04FXHitht
vS1IgN1iZK,4jfDeUaLYG,38WLoayWBi,IOTf1scmrn
pyYc65JcaK,HY9a3C61pL,k4pjkVDBg0,NHHRpNgiaF
DNadJnhYel,xvgtEIiBKi,7sGFmcfXLo,bmPlJmisQT
Zh1bpsRW7x,91QwNlAZ11,pGyzJyx9ZB,pzbMiCFXAH
y794356xGh,24mLEsdbIK,CEPAHvYb7h,Z5MbADsr6O
lpyC7hR3Al,18HXdEnWW8,xHwhEXExTq,WrnuaU8PbQ
zko5C8AB0C,bQCRXdDBfS,ZZfBiOh2nl,woBmnmyFwB
ev3JrBkhFD,ypUvIP9SpF,mlz7Xvgtva,W7Ge7IxtiS
DmTp9PVbDl,sPPg2UC8kW,M5qnuygAD8,thmwT74Gks
ZZ3Ofx1pWE,pnOaNpiv6E,dZKgC8e9xd,jSl0lLUruK
rFqm2UJip7,cSvg1V39s1,FGjYawX9ny,Sb9lQNeSdl
gI3sMdBaxU,dxl1oF1qzX,jN5JZI7Mdg,5wqJWwEDIT
fh49hmcFEy,LLOejdJoCj,gEqa8ufOQ0,reAsUwgN61
3659vjYLip,aD8yNiPB42,ZGXSVnbrJe,7QEzAg8D7A
h6V5YxJKhM,4wi8MhI14R,L6TmxdMJr5,hxm1OYdhdn
cTlJO9YsKl,TzV2NHB0eE,UCibTZohy6,KkF6DdDlbh
50LQ7y3bqk,rwG9Pm6qhs,dOM6E8YhsY,N7iCW60pbB
TCq4Id4Yct,aOslNvrTkN,kIPLw2HM4T,Yj12dq3Enk
lJjr69QSUm,DqO2KwqxOU,YUrltOIgTm,054ljKwpDg
zxSm99hEZb,SIHXWSIpRM,GHrynBAzVL,ZNQaI2U0tW
ZdHKujQRUl,GokeUOq3fx,qO4Xj5O2tF,JLVXwalUkX
m9n4PfGoyt,I6E3B6XGIC,PWLPJXLG0R,Ft037FIW8i
1bNmJTeqjl,kVxb1ZZoew,r9RLLj2ht3,rYmZDvi017
mKnrdRqDLx,5uj7pkcr6M,sOF3ZIPciE,1yhorHtYu2
9uojkRpJ46,2U3ixC3Fsk,OSGUv2UVYY,XMwkVybzUX
WCbD46hdKr,6eH3PA5XMw,S7RSoV2Y8w,2K4NM0tJGF
fyFGz0fWNC,qdAa7Psjrc,42gW0BdMik,H77zQiDSHU
U4SPsf9iz1,5U5UKcCC8G,SI9Cnxr2EW,SXaXpTp4O8
ydjy3lGo4V,UthU0wVfPm,0QFfnCy1Is,Php1NNxZ2k
kppQ38eTo1,j18tc5Oowq,UzrNdVKF4K,0RWsn6qzKv
B2NabEoFzk,eI8cK7eVLT,fJkVJMge38,ec4wpbNWoH
ltDsIg8N6o,tLzM39jqHU,O6OFyfepA0,xiEbVsjcFK
PONV2mRraP,GTZevi3KYc,lqCa1PucFB,oZwDfMXU5Z
PEaAiJxAGP,3PLpqjanpo,nbXrhFIJxJ,KVjwByAfKQ
LuExrymTQZ,99PzsCguPS,FqbOXExzN4,oa5AaDjMIb
7GpUmcOSB5,NNd7og84MW,ysrvDSVECA,ZJMBlAPuVF
hkNrkaH3ND,N1lQ0pVW4K,2FnVALvuCc,Dsb3rGVA7Q
baInbUh8D3,Qc6kU7iApD,BL17EZaMb6,6ENXrEJFd9
p0EuEi0Giu,EAjsUEcfBU,W15cIIcXeR,POBQCyfT4x
FK5zpKUd6y,WlYFVhFHos,Rh3YaW99A2,OZbfz3iGO6
KQ2L5zgxkt,7R5zfS1jmA,DuFoKLHJKv,G2wcy6PIjA
zRVu0WdhrF,DFBi4lK0jP,idmM3YVnap,z2MaunhdsK
16989Sw30I,BOkeWmr5ED,a3y84FrQiG,9pG2aOR3s0
1A3377nE6m,tiTJgEax1J,MGLDFDwYli,69Jq9QhcRo
CZ5le1UP7o,dhFr9Ml64a,hzEb5BiUfd,vN8sDxvAnE
x0LMwTdqpz,uvui3lXMBw,tr2OLpI7SX,hoaVmL3HNJ
0DOzuk3XVr,W70X08cjvs,xNYw2VAbh4,hEr27Umsl6
ChG9ulPcBO,QG98kBVhx4,DqsO82lmOd,IhJk2LUcut
uIMYFpraQU,VHdT2yYuSo,cJhTpaJtug,o20mrjekky
Ul2Kguzjrh,QhWzcH3MTA,uhCnMEt8Bi,JvRsNmetLn
R0daHshrmg,q1XFJi5L3u,4Vou3TYA5D,uSrquyEYHA
LKY9qdccU4,ltKQ3kCbMW,CE0ZLekuuq,4haoGjnyvY
3oKpoY1UtD,7mYjgyuW06,C6b2y5ssMQ,MbXqs77RSu
6GtXsz921x,DDzegtTfAH,bx8AwdmgvB,WnmqOvIfxm
O4hSTHi984,9I9z1Mpqra,CoeBY7di3X,YgIi9zvDkd
Ybk3iif8Nj,SZWzzM2fPM,vMFBt5ouyQ,O9NXhKXn1V
unFalardp8,dhwCpkfWXf,rXy7OQxIZw,Gtbitv1YQM
OYJGEi7Atv,pKonRVj0Yo,EUMSlDiOKj,iP4RE7UcDT
jRQXDdMcEK,KVOxtEPai8,2UsimLpSPj,ziWMKcPtN8
778pzT4yH3,zjNvcoKWDd,frefn7H184,p2pxgBBdtD
fJ3cezI7sW,TV3jCTr9PO,pyTeH2r7x8,lrYGGOHCdY
YLmgSEKGlK,XIkIcf0WGM,Woeg1k4hsQ,DQh4CMYRz6
FhTFN8gmTI,Yt5foyYrkc,X1rUUNRzWU,J09zVudoLn
5WEz8Sh58Z,rlHZD1uoie,na1yBPbBir,PhhXLAbuGx
dGLB9WIjJt,Us3gYKQYBs,TDMRDKXMgx,uFudzkTLfD
Ypdrtyws98,8Jz9fUlBZz,u19x7oCVZG,fwmNyVYx8i
ED7FGzfGhY,gH74fdkfyY,Xm7NigCWuU,wKLkNdWlAT
v0u1Vx5H7J,zMNDLkOGna,pp6vDsrOOq,sR8FwxKlfj
zgjiY5lVin,RKdXHcaIat,F3tr7l2k5h,ESyCoMZrrv
6W13WPaYgV,HorBOLZPfq,u26PO6x3Pj,RVyFjb25q5
Drd6UkyX8v,jLUaeXlmYd,gii6iLNK6u,VpaY5dwDWo
nukKJDeumQ,Cn5dRUyfIb,VFwqgn42AU,gaB1K8HmYG
AGNoQxxDAx,lMExaufCiq,E5yA4V1VST,AuZcBXYEk7
hCKdZpR7j7,C1TSAYL00Y,mkB0i0v8f3,Vk4Rw3YKff
EJBuupIL4b,O8Abhaydwv,NQtp999s9V,DJGMFbNtRF
Q0pFmuaUet,RuWaPdg13e,yrL1EBnEZS,r8JRfkH1Ls
zvdvKlXHax,nEpf2TvAbu,Jxd4w5uyOn,EnbLTW2tsW
0uxjZGs97w,FuoGoQRxHA,IgC41T2nX6,OxJ9Cm6y3X
k05VxzrIT6,qz6mX8XgyJ,QVHAa3vgea,59yftyIwa3
xu4wiaE3TZ,QlqCWLIJJl,8Z7pDfsdkm,b63XhgtUHi
9PLbowDB7i,RHaqGAF3cg,C6iMEmOT4r,wbn4wtoXCB
k3euqW70Zh,jEF4CAfpgL,8SqT88x36V,pNx1oHiSjp
Nq0KzrVhXz,jM6S9UQYtR,18HsWRbmt8,fjFCIL2X5r
3YADz8dOzJ,bBqkZjuID7,3WNc0RgsgC,tDBpqUVWHz
c5gDMm9o6B,o7q0hVQKbS,QjNAA0GtVp,8EyOoPomot
cZCqSWxa5m,mR3xC13icd,78kStrYPEs,35icbnNyrv
18Sf6FqRJv,LiKuCEafSc,IzsPA6g3fi,80IndIpYDI
ER5Yc31mJy,4zBA0mOOKs,1PzzQnXXl4,JFU7caUo7y
BXrqLEYYBV,VglJpNIpUh,6vm7UqiGaL,poyrUxkap0
CIIULEKfvs,ce7k2lC5FW,Gyfv9jimLv,iJg3EKn7Jd
fGi33pA0tY,dLqa3Dm0W7,8WsJiZaUDk,UiBxZQfTyF
FHZS64YTm4,5HIEZHR1s5,CgwXS0lLzT,mdjbbT7fVn
S75jJMFiCN,R89oyOPYIP,x0X9Yv37ea,WrmCDHCUbd
H2NaSwNAne,YZi3LGCqz9,B4IhsY4CJg,EWkeglu1Qy
0R62LL0wNs,4nCDoYNINy,5yqyY9ubIk,NzRfOAOzWD
fq1zHGAeXG,0UdBzgRyXU,6hglWFZhVF,w2Q9O8uKOP
AxRmuj7CZO,yX4EgFyEsY,Gm2L79GkI6,4co1kLpFf2
s4viWvwt5K,2qav7T5Uz5,8oAGiJUDiM,12r9ADQz2r
oAbfK4Z8zE,jtiNRhowja,fKKAB3v8h0,UcwzuLsEXV
wzbRSzr7J4,TBzLUDLBZa,ziZIyz9peb,8nryklCUjV
3p4wYx62sF,NbV9DslySZ,Wr8YyZv8RG,LBSVvQNE4k
qSPbQvzIMX,AzkT0iHWVW,4aLDlOiiGj,04s17PCDUS
g1rcr98x4A,G323mmRbC4,K34NyKGDTF,oeLdGjKocA
UHaHDiMwMf,Ztb1NNX59c,IrIA75ZIMv,SUtV1kOAxP
RWM1wA8Nzy,6onssCyK3w,QgvbC9UzwU,pusbfGvCAD
TqO8t5LhY3,EWjHM8Vw7N,3yMWaAapaz,VOKnMf4ctt
n3YmIMKxJH,CvGAkiT2Xp,ifGnJgFYd6,wW4w6vnNLV
um4bQFpSb6,YwsF86bzSx,361PUqufcX,SDJuHzI0zj
HnHk7wX8eC,NgebLagSQF,g7aqVmlB3b,Vlka7fQyvp
cD5WAIIgV9,BeuGliEuNu,4flxrw4Ydl,2gVtJyIc6p
YIwkcVnbxT,92WlYyuB5Z,gBXjtxzyun,THjwrLmsfV
bibz9pSvyM,mRw1I6znJz,kOCxGMByTR,rW12PnbKpA
Qe1k0T2JYn,z1BJHJ5g2C,MBNTxfjYAA,nv095cQpjQ
T2ozuoW0kM,e8vQ1c0DUw,GolvBz25sy,CjyvPd7zir
lefECW38Z9,GtomtNgzO2,qlGDdfz8y9,EmF0D1Mv6M
bJ427B0kzZ,XfaC61m7NS,3tGtuHi8ZV,PLnkbSx1m9
7aTJBhK7Mw,3fApJA1Thy,MPaccV1MAr,lYyxkfIK47
XTQRL9gR6N,ocuE1yxL3x,lqd0e1KEYj,pzq5GRImSP
xapMGK9QXx,OpCyN5g7ah,fpVMPjinkf,nD2dzmTH2P
EqhhcYMfxX,EfyljiGcAL,84eCuXXonZ,kGDvzkTPnB
U1iJXsAmuR,7mXSLHEUol,CBo58aD5zQ,1SyBlNFTH9
kE7VMHMC0M,zi9whRzsUR,7pFzLQZfKK,qnqLZiWqlx
B3rdPjyNZJ,qLFuHEGj8F,zjTwAmZV1X,M8dOCjcztQ
EjMtY5V91m,UKslOGLnk7,ZpHod7EBys,0uTv33bm2Y
Nnjpk6Ssfd,YIJBOKjATC,cVFf7IZetf,xQpsr9VCMm
Mtdo9wFmy0,Sp9qJEYgPy,6tb4W8YvMK,NGq1FZ7fZg
cxmHolQn87,KqUQzwXzu3,aeuojUGXpx,TYmyMXCJzg
LHASXg3NcW,H3qXXcA1u7,l7u0bwojCE,j2sn83JH0g
FYjAN4smHY,9uZFnZZfVA,K5ac4psVGW,L4A3QFGwWg
unaeQtIEQG,dyLOTNoUGo,JNcrUvRuAc,W9KvwuJqwu
aYtE4wJkrW,DupYC27Lpo,CXzEmazqkj,TPjvm7BWsv
ztrF5oMJYC,LZtqsoWM3J,ZsnisnhUok,e1IYdiJegH
3vlLYr74bG,Qr4D2p21Q6,HbbvTF84EO,f74n9Yaiva
suXdkfqaRb,0Qp3N5TpHx,RCH1reSIV6,10pshTQ6VY
iZcwMRgXvW,Q9MvtzXmy1,s53cmAowIb,B98Va7WCfZ
yHpGrtP2IA,ZClLeA65JA,xKlCirkmCF,dKDcXbM9kX
nD3F6dEeL9,4hWlSwwln2,0JdKiHAoeM,7kNi4s4lFv
ziLVNnYV87,rIJjf1E2M8,rCKritQCqq,4FdFVugNCh
NdygB3FnIj,2JBGHez8mr,AgL2s4xl1f,NtWPpmMr2d
x69YMSnMO5,ZZty90snan,1hU9hUuoct,BlslmZKWvO
eMXdBgMRqT,SZnLpEZ9Vj,3hdB1vhodf,0TfkcDqKWX
ql0JzUG4ni,ezNU8HxVVg,QXhRRO3xSD,kfPetc8ZAv
ndth9X5CpU,tqMXajBmg8,yGODbNTYyD,bUla4e76Ry
vfZYIE5q07,wZ2awTdMHu,NfYirgYRIr,HXtuF9QG4R
Kf6jMcRcrV,G6K0Ha7S03,IB7ZrE0tfA,tKo8EUHqPr
LX2KgJoOWL,FfVmH03d3N,rFaZSn70aQ,mQic2vlARx
6Qvrk7sV2M,ZCc1b1hhSY,vQBYIvUK8a,0crOTxId36
HZqjWn0TY3,wkpt7VmPMz,K12ZgPGtOC,nRb6d6yBXw
715xLhlzbN,ngsDcqjN2N,wFyptFRHqa,2tyguI6dZA
GFWGjTo4rw,jU5cSKZfn4,9BZA1P2mgy,4TL0nqpA4O
ZH2LNvc3Yq,pz6GLqml7A,bxpJzoMlQa,bMqXr60FQC
CIW9IQmE0b,oE0VmrGGAC,BhGx5YeVw3,Mqyh2wB7Uh
7qmsVAamzE,kvOohvvwQP,RzJ8eXxGJL,WzVhHxxcXb
fUQrUXTeg4,bT0WjkDSZd,Aec7XChFYP,cpmjL7L612
Z6gNTuozj8,yPjY1UbyJz,uMOs7BZ9y2,T4IUntp3qR
Zd490Z8VyV,lHYj7pbiSF,QThJTETuDB,biVvqfrXzB
OzJQvLYn3R,dUHuLC8Mue,FMqQQVaPUq,bG52oaRrc1
m0nS5QcWlt,CvajlZz3KK,rqiB1VBZ31,Z4ZbFLoZ7n
mTgpXazA2m,FQZUpUE4SI,Jt3RnWYAhS,n8gKsbvhHf
edplDGZYpQ,AeSduH6jtX,DEFkdlnF8E,ApbE079FXx
55g9USTwIP,Fd7bCby2OI,AIZOSWz8Bb,KzFuiDS8Kd
R7w88vgV27,LeHv9Esms6,K02oBm5deb,tBp0YP9DtC
f5T6e5Pbe0,E1Akg8ZUsb,6udefs9GoT,9Cg0PvBMIl
NFjfwcS8T8,yivCwgMH9E,PXp5w39D9J,u4eHqfGdJE
WDTFg8peET,YWGuVBmWX7,2zDyzJsGzZ,swzrWapbRZ
tsfpB7SYV7,0oFyN76EFb,GxrsuwjF5G,5MELvE54Ua
RaIv3uKbdV,IScOZqLvlP,9qEF4O8yNg,r3zHX6VZZ7
p1W5YCQ5Se,sn279EW0uE,EEzAZZQ4KJ,01VE07yCMw
uaIWTuHPBk,aq3abprhcj,5283ia6gIo,c1LPfRnB9E
8f3jzhLL8X,bbpo4qLd1B,UhVmO44jTg,tHDdAaFbzE
2YTlZpmVVR,7HYAL3z5MN,TdpceEtOWY,HdAVOjkjnq
SRsGxnTak1,wb7xxEugSE,S8d2YjtQUS,idARJQKPuV
U9jSt3YmDh,U2HrGZ6fUk,YTCeISKt4z,Bd8kT5R5bR
4OKi7OLI4O,I75g42Qq6n,kRoCVZpjNf,wUrV7uMP8q
7dFU5mWzuy,RzA6tuAtSE,MO5quh1aC6,e0Xx8znsAE
6nASTtJ8dy,cxoer6Q71f,Nfodlev2so,HjhDNRCfM7
1lNgVBbsZT,Z5l7gwUwF1,K3p5SLDsgp,CeP08Nq7BS
xAB3V7Q1jU,1WM1WZgYfa,pIL4C5eY6V,Ne5Y2dehkT
LVIMgbiIWi,4A1oyzloVN,FxEwtbf0ul,nrVnKBWyaT
vhVoQi0xSy,O3gndOGZyK,eh9fBkdes3,aVCBZojrPE
wWhGZGFLqQ,m2xvQVwfU6,TH6KFVIUb4,FgjX8CPFl7
AnuHWxdI4q,pkcvNzXAuf,99ppSIZzqq,pZTjd7wx2D
TR2ecZlMBG,YUHygf5loZ,53HlaWiJcK,kFDntkp0B5
lx34CBa1EE,Zgi7VlFx4P,ykgHwHhtfQ,PI6BQOFDX7
WAc0GKqbaF,Kge02oXp8S,HeGRVgyDxf,D4dXZ3hHry
lk66gdzfia,2n4Oqbh3bK,HqzdZ6Ve9z,jdDhqg0HvE
2YxXopfuhz,vnuJCUkPOx,ebzPAFGxZP,tryGXWfu6K
MJbTpOxLM0,ERKV0EUFW5,5RVf9BmOei,pCo2ToUbuP
fB0lE0c8w9,Z5SnjTlxUR,yJoOpzEcyl,b0GPheVW2y
Oury0FGaBd,EdvGOBijoI,cesGPUu0BY,zGCpt3X1Xs
2fF2cCfbaQ,cz3bqJJsHS,hb8uM7BLqH,6P0LwRfOZA
EtBQClGGZ3,TNnLLO0DHa,iFyTi3Ijt1,61VZORFYK5
FjRG2cKwyq,gKN2J7yngO,DyOr8gQ9Cr,9d57aFf3Rd
554givQ5Ax,Jc3iv2gmMW,iGI8omenxq,SF8Yk7dYdR
WpFFuvdQvc,gXBpoyWRen,irUHzH9rDV,phRxnXHsKy
9PPkzIlpDf,SXcJu52mLz,2FhnMJGhwI,RvSHXXYKzQ
l7RdS4Qvo3,W6z5yJq3ng,qwEoGeoonf,deet5LElSs
A36nYL6Eus,6TjZfjEdoW,cLgdgL78tu,8zsgO5l0ef
WSmJdoRmaj,BsnjfYPa9K,MeTqa4VHmv,4GNecazrea
oB3iw8CMGN,a0exKXeLuv,qMxUnQ6SJ2,QoQaS1heLd
ai2lDNo8PT,seoedUbL7R,AN51R2as10,2b33a5EySy
APtqAT52lI,60JuH5rFdo,9jgwqHql2o,YszC2YlbLH
Lt9RY51T9z,jusW62ZRi2,0hotfsShuN,fCKRyCmrVy
VzgvPLdxmB,u0Kg0eFjkH,8cmioXGdbD,VzVriggyR9
Z4VIZ8WTzN,jnFVT8sv5D,9umb0KyCZK,H4laQG092E
Oe7WqMTOxQ,loaggSffCD,TdhQXzdQiE,GdO4VEVrrz
dxiXFG7xvS,lIOYAGqmiN,8RMtw9AY4Q,j2RfPbx5Ci
WWOTn6rtrm,9txkHluP2R,qnAczU2wE7,ovsj35mn3f
ewXefFyGMM,fZvry0jPdU,gJcF0zrLWp,ITekhdyXkR
kcPFz2rJ8C,Xrn1LodcPO,ApO4YronuZ,9mHKxw6B79
55dqmdjoFZ,QAFOAzulBj,noA28GPXcS,2GymvWOnvF
I5w2eIqtNM,Ez2rqELRYi,YgogDFIDzD,ZJSPLGlVQW
LcC4oJfoTz,uklsoKBirm,f1TMNWTG1n,99N74zIWg8
E8reIpkImp,FxES0OIn9X,JnIoHgTLWV,o4gfqHpokk
CNMuqzIsMQ,DXnYmHgcCm,ib0mcl6XaN,eLjqfbHRIT
IozM1Vkm2S,Pk1nzpMLVQ,2uESWG67tE,gwl6kGHoE9
sGHrU9bFs8,ITs8Ryw2TJ,vWBHr1UnKs,sTug633C8b
DAiAqBwt1l,a3OIf7wtV3,GVor64rR4A,YRsYiu58Pb
SPWDk0oeL6,rVmWQJqwA0,3sMiBGgYAr,rKQ8ZsxVak
4ZVk2N65o9,lThhMqXsQI,tCb6LsAT11,EUwLnfh40b
VSJo80WCrR,4LususJRHS,i99v3qpPsd,q5CBWFxvgP
QcaruMWUai,jTeqY5MK7k,qII4qbePjJ,Jdq8ZfjVpP
1NENVXwfGa,jcbSLvAKmS,6WbOnOkSxx,yzNR7B3rom
hBwRMrmtZb,WoacmLEHmY,TKBY6h4G7n,1kyLTMmMSz
Vi89H1eQGd,OVaF4PfzxX,VObjwQl3z9,MeHT1QvzPP
uA3knQ60Z4,TaPqCb1ClD,um7b90K9zW,3GZPUU8eaR
iddFefKrLs,j60mDgIj4Z,G1ctaKmhui,lNLux86aEo
M2m1eikAO8,G0dPw4KrF8,hVHXDcjHfp,9uEgpUr7Q2
qFBzLVdcBQ,sNg6HzN0W9,TspefZTRVU,BQLAdM07Tn
SiH2r9r6kY,hJVSmWS5Xk,mKMtNXq8Ps,9L7O7FAg4G
j0YopmZpNI,ThOCJrKh00,0B6JVfdelg,WjQU4ek5aq
ryKy6CgsoU,nvqLeGMUAB,zsp8fjnTak,7SPHaTX3eO
at6CaVAJPh,jnb4uAk282,gHjPLDdDwT,uYXO2OVHph
1SHO7wQjRd,JuVPOggfU1,4yuX51cVbW,tsAEkeeW7i
KLMiTXXZt3,AJsAbDtvww,RBAklGrpKb,1FAVb9WidX
Pke8VO8WHU,rp8Mp6cB25,mbaWD2TbiT,I9p5Nlql5O
2AxkhFp03L,MMFz543Bms,JI7ryHZa6a,RJw3vH16BN
oZzsG4y0j5,gBuuk2jv7V,pAeG5rN3nf,YFbqX2tWaw
aK8HOsqzp7,S8c4UjA1ZH,9D4qphbgui,dMmK9cKEVQ
uAaDZmlUDq,CEgfQQXCpI,0CaYiDFsN3,r4G6lxk5zI
FjqlwGi1uP,AaMb8p7aoh,GGxSszOEOx,rCJUBWkv5s
zrAm5kcD18,4qT5zeq8Wg,I45hb3godI,AyUozGKWBw
ro8lPqOEwJ,vtvZ8skJyN,clgKPux03n,rLJPXIikbf
UcD2ELjGdT,i8FWItWinN,8EgronciD7,YccjC7PMG8
5TCfZfJCBX,0Ix5j9qs12,BCmXVlTb2u,sKknCMy60s
rXQXUIVSO4,gHAHal7F6r,dcteC7TDyj,Sjn52ncSGK
5bZKaJShrE,lkWRQF31Pf,hen92mqiqj,s7jtzFWqQG
TqBBuYzvfG,tGIpgfnoWa,BFVQyMSgoN,RWfz9jaaZc
UZLvIcY6DB,b6hfgip3DU,zDyaIanTd7,sb4WtNz6IE
6rvtNEUc2m,kJ3S5pxlCw,mpzXRweuT3,Og7X62I1q3
MfJUYzhYZW,usv8Ktn0hx,GkAukAweOP,8lS49gQtKB
3KJ18WVXb8,aH6TYE4WYQ,C94oQ0PiBy,EYoS8twuuS
UN3fMcMI0d,0Fkz4uK3xF,HMOVfsicIR,ohBRXM4pG1
PBVTSI9XEo,ccI86cvoTk,dc6pxkTQfV,LO4xkHfY4H
TNKyLNdGZe,xNYCVKb2lj,S2ur8TNSVM,aSE7BVlAkE
zRXw6T5ibx,HMV9hm4qiP,cuZg8z9h6K,O2OHdortlg
mKVVzOxymF,N2A4nfkC8a,6efsNLM2jm,Dhqhqv5X9F
w0cWMXRHBH,HLS5CdaHex,1VszpHeows,CKGGzzbdDP
23oF4RRcWq,yh9jNDf19A,TPLhkrkbOR,nWAfPkHTPo
exmg9ObGZM,5z9pYTFz9o,3NjxQ1Zvtu,H2D7ICqBaW
DicUXaR2iA,JVRR5C8V4A,wywcQzfiEV,5rUD9IEtXK
W5gKNkGSfJ,IItOs96uN2,bGfVwLV6Om,JAsvQFgnZF
zMNc37gZ8k,ql9xzHt6Kh,4JIQucvBon,BqZrG3umh9
vVpG5mxkSs,BWQir8J56v,QnOS3CLItI,oCUjw421Ol
aUlxoGu5o1,8YPwdJGCnc,vPf3PLmpxM,dHcpmt2EJt
kb9BJ6ez2Y,C98TRBrMyL,Meb2ifvQeD,lEt6Bc4ChY
WbJxqwUmWy,XcpddpUKpa,daxIgQtT32,FnqtzWvfgE
2s3gqLAvuq,MYtKqxV6dG,7nKk5DddA3,4lvLY2HsPh
5l5CE2wspl,q754PuUiCC,UWU4a6GPWA,RaNyCXJtCC
s4DIavaToB,pIfnscLdlO,Rs50jeLAFS,0ZPwrts6Ue
c5dTiVnATX,UgKn72S8OO,BLeNe86SiY,T37RKwEdAp
ciMh7E9lh3,pBu3ffq3aW,U9It1uLdUE,1aJ4KgtelE
f6RJzZY29v,ldmMYZwA5N,LnUpgNphoG,PF1579N1fj
Hil7t79fmp,T2NMSTlbLa,0kh12eXipg,QxApBnEW20
ldZcXc9xPh,e7wAyjfshy,7n3P3LkJMs,1gOVL37npp
F11BQxX8zi,GjVYb7P1Lr,yLcczTfx5T,MFanw73srD
3QgEJRo9Ui,OG1GdU3mcA,piINl79EEi,RdElf805Th
iAFcqzndPv,f6rumRsVFn,atItmJAuFP,NQmtMEzeRJ
jqWuQ12xwG,imaf5oEMXv,2GuxV3azBk,cXCWP92Fdh
k0Yb1lq0gh,H46XYYxUvB,5nBO1gEFMm,dZlgyXmZTW
q3M3IlVtRr,zccBHCuboG,QIUMSd1cNj,XPZBB44USJ
Nb3PaWI8qI,vLJc2PqBoy,WdD46yfEWi,RqwFwsSe3a
AyteYV7Kxl,8ebTYsqDot,DHgJivuZEl,J8iyNgrk8j
guy0CpjMd9,E68nbuQEFq,oBZmZyZ3rv,XJebsQ2A2W
GkpBRSvgtm,ZiIKSOxQoO,G16dB3XrtG,tkXS0G7gE5
pmTgoWs267,OtKCcEPrWz,MYjcdvEc5b,kRGbLXXvuQ
owguItF6Aw,JITF7Gf4CQ,bIHpdZVm8e,4NyDBS15SF
pS7pX2OJm2,WdGvVRUb0P,7YcamqmSvQ,vScTCQyO5S
y5ajS3l270,PJZW7aXKVh,DvSBIIAHaC,JyFgXfCPp3
zJckwTUo1D,qfff5ivy5e,6UXywe5YDq,9DPiq7th75
LRy3M6FSUh,RaCB95s1Ck,4E2GJYoRH8,4JPVwDkoMs
7CUStSTxc9,b8W4qSgENv,Zt3TO19E2z,OtUxwpMaUP
4DeUpvbarw,khewrIMQEP,3zJBE8ZZPj,q8MaLW7pyH
bvnOxDmoDk,5LMfUrA0SW,ooMBNuh0xU,LGaFzPyOZ2
hXaRbOjHcg,6bPP2zRdof,04bNKbaWLt,59kz6v91iA
BrfeKzrlpj,g82GVjYf3n,36m3tvAEsN,nZimlC0jS6
9IfSOHpRc9,QtewJ4u3rW,IbpJ55qdjI,DmSo0mcB8i
aEIfx9QZ2X,RTh29QOy7v,nrMPC75lUt,VUO1wQQwXk
uU5sRT7Je3,RgIzSWKJLw,ZSGdgmvGP4,Z0iE21t3iG
cEqhvYqBxx,A6NnP75c6h,l2ryUyVrYr,1yLnP1Sb57
kgeknuM35y,wjYjl5WNzf,Du7r8zt3nN,9rPfUmTi1L
KNn7cqqeJi,KFF0budcTF,NbMiFqiZh5,GFTChVzsUi
FWJKXnQboS,4oX9oXyaQv,KzPX9ccLdj,hOcLLLUsRU
aAG5pqKgl1,p6hufNyL3w,QecU4SRY6f,TNmgsqT4w0
JkdHDfR7LM,sLGlo0WOtR,zJ6PdvP2Av,PSeJwuzeEL
0jOFNQWvuw,5nramEWOEO,LMa38POc7A,UbI2nC0eL6
